model,perc_samples,task,auroc,auprc,auprc_c,ece,auroc_lower_ci,auroc_upper_ci,auprc_lower_ci,auprc_upper_ci,auprc_c_lower_ci,auprc_c_upper_ci,ece_lower_ci,ece_upper_ci,nboot,path_results
clmbr_stanford_cp,0.001,mortality_sql,0.9138362251847882,0.3816132126373624,0.9053652518302036,0.0037751032371594836,0.8975444877715467,0.9286936521610883,0.321178033582727,0.4452964883017567,0.8890428911500645,0.9203434214198929,0.003151083856946428,0.008932942281408307,10000,/hpf/projects/lsung/phi/projects/lguo/femr-on-mimic/data/evaluate/adapter_models_subsample/clmbr_stanford_cp_0.001/mortality_sql/results.pkl
clmbr_stanford_cp,0.001,long_los_sql,0.7960403022418933,0.5423487925158726,0.7496312412816389,0.017474250925049895,0.7853839789009188,0.8068621637701269,0.5192192058916547,0.5678921711284829,0.7358976488513669,0.764604782013436,0.013294864342616692,0.028922244373069814,10000,/hpf/projects/lsung/phi/projects/lguo/femr-on-mimic/data/evaluate/adapter_models_subsample/clmbr_stanford_cp_0.001/long_los_sql/results.pkl
clmbr_stanford_cp,0.001,readmission_sql,0.6538973535327226,0.03305221729659277,0.709239108273202,0.002391886947586847,0.5521757358971155,0.750181268826208,0.014568966850955533,0.0763035504787137,0.6218892687492161,0.791171926770249,0.0018994360503655073,0.004756500945856227,10000,/hpf/projects/lsung/phi/projects/lguo/femr-on-mimic/data/evaluate/adapter_models_subsample/clmbr_stanford_cp_0.001/readmission_sql/results.pkl
clmbr_stanford_cp,0.001,anemia_lab_sql,0.8604474654424538,0.3620057617213604,0.850821509685406,0.010506264560227211,0.8429804825104279,0.8773246403944157,0.3183198947096523,0.4102845155028988,0.8333628139329209,0.8679226503986065,0.007753128996288024,0.017377498601480967,10000,/hpf/projects/lsung/phi/projects/lguo/femr-on-mimic/data/evaluate/adapter_models_subsample/clmbr_stanford_cp_0.001/anemia_lab_sql/results.pkl
clmbr_stanford_cp,0.001,hyperkalemia_lab_sql,0.7980438286934171,0.05489310515735846,0.7876757031428058,0.002347418955066013,0.7369538843847083,0.8531209635847419,0.021643391439341672,0.11347009795240426,0.7268607556261082,0.8449942220502996,0.0019313940989578026,0.0048588997415656655,10000,/hpf/projects/lsung/phi/projects/lguo/femr-on-mimic/data/evaluate/adapter_models_subsample/clmbr_stanford_cp_0.001/hyperkalemia_lab_sql/results.pkl
clmbr_stanford_cp,0.001,hypoglycemia_lab_sql,0.814840299294614,0.068994682091435,0.7802652455712134,0.0017342863462942936,0.7796903764928961,0.8478527198178315,0.04956451862389202,0.1078755243610443,0.7417579846071285,0.8173879088036106,0.0019544559406111483,0.006166577067743716,10000,/hpf/projects/lsung/phi/projects/lguo/femr-on-mimic/data/evaluate/adapter_models_subsample/clmbr_stanford_cp_0.001/hypoglycemia_lab_sql/results.pkl
clmbr_stanford_cp,0.001,hyponatremia_lab_sql,0.8324445121641526,0.0672416011399044,0.8192118913096285,0.001786372403627862,0.7838169634112175,0.8766606343418845,0.03308852020374077,0.14487142645690615,0.7652688376531871,0.8673758239281301,0.0014477158020154285,0.004706199632998907,10000,/hpf/projects/lsung/phi/projects/lguo/femr-on-mimic/data/evaluate/adapter_models_subsample/clmbr_stanford_cp_0.001/hyponatremia_lab_sql/results.pkl
clmbr_stanford_cp,0.001,thrombocytopenia_lab_sql,0.9294011658636,0.5289029576829019,0.9347077772133743,0.00275435205320252,0.9093627031469892,0.9476276017932662,0.4597339385820584,0.5991399506463444,0.9186174328409416,0.9495575801070129,0.0021716231974653398,0.006876198565336114,10000,/hpf/projects/lsung/phi/projects/lguo/femr-on-mimic/data/evaluate/adapter_models_subsample/clmbr_stanford_cp_0.001/thrombocytopenia_lab_sql/results.pkl
clmbr_mimic,0.2,mortality_sql,0.9237647911192496,0.4483308875453985,0.9191955004518377,0.0019461475949760412,0.9083557530101865,0.9378269700799764,0.3851128753632254,0.5115137367211056,0.9042457377962626,0.9327215143600833,0.0020117476006985924,0.007272884328101196,10000,/hpf/projects/lsung/phi/projects/lguo/femr-on-mimic/data/evaluate/adapter_models_subsample/clmbr_mimic_0.2/mortality_sql/results.pkl
clmbr_mimic,0.2,long_los_sql,0.8147490636500477,0.5703380189600814,0.7699073005958235,0.015433003355038978,0.8045153286215909,0.8248498362846193,0.5468590676195874,0.5958305763718822,0.75599022713561,0.7842030513603686,0.012178322148022037,0.027483770217644244,10000,/hpf/projects/lsung/phi/projects/lguo/femr-on-mimic/data/evaluate/adapter_models_subsample/clmbr_mimic_0.2/long_los_sql/results.pkl
clmbr_mimic,0.2,readmission_sql,0.6876437904241004,0.03691748874867626,0.7293042933864773,0.0025789822462033156,0.593317553205423,0.7753942568223403,0.016535953303834876,0.08918482281979292,0.6446639255782662,0.8063675407224482,0.0019384796708529237,0.004897407140337657,10000,/hpf/projects/lsung/phi/projects/lguo/femr-on-mimic/data/evaluate/adapter_models_subsample/clmbr_mimic_0.2/readmission_sql/results.pkl
clmbr_mimic,0.2,anemia_lab_sql,0.8616450650363113,0.31663421390048035,0.8391816438743241,0.005494086959753086,0.8457102739440298,0.8769589465440898,0.2779555999969469,0.36226834170337424,0.8210602097165882,0.8565958513566436,0.003958665846650016,0.012232491975425213,10000,/hpf/projects/lsung/phi/projects/lguo/femr-on-mimic/data/evaluate/adapter_models_subsample/clmbr_mimic_0.2/anemia_lab_sql/results.pkl
clmbr_mimic,0.2,hyperkalemia_lab_sql,0.8020333476482999,0.03929788754746123,0.7879850774287027,0.0018733841479503068,0.7448202951220528,0.8546967508401735,0.021867151953617794,0.07964185096329258,0.7286370618505955,0.8443318350935486,0.0020323214873480757,0.004749454997408747,10000,/hpf/projects/lsung/phi/projects/lguo/femr-on-mimic/data/evaluate/adapter_models_subsample/clmbr_mimic_0.2/hyperkalemia_lab_sql/results.pkl
clmbr_mimic,0.2,hypoglycemia_lab_sql,0.8319709055749664,0.09320825544503429,0.810094611702985,0.003331654944091474,0.8009082126878828,0.8615833969249859,0.06480595761501512,0.1447300554919941,0.773277163539565,0.8454492756588331,0.002550785267098708,0.007144755225923526,10000,/hpf/projects/lsung/phi/projects/lguo/femr-on-mimic/data/evaluate/adapter_models_subsample/clmbr_mimic_0.2/hypoglycemia_lab_sql/results.pkl
clmbr_mimic,0.2,hyponatremia_lab_sql,0.84183497835791,0.09386239139616934,0.8319927998225317,0.001582872895279142,0.7966460921528116,0.8838684421969089,0.042289805415777246,0.1777927563798544,0.7805687188792849,0.8784331191597798,0.001495675863865036,0.004330740282197123,10000,/hpf/projects/lsung/phi/projects/lguo/femr-on-mimic/data/evaluate/adapter_models_subsample/clmbr_mimic_0.2/hyponatremia_lab_sql/results.pkl
clmbr_mimic,0.2,thrombocytopenia_lab_sql,0.9422476686959391,0.5259807847329961,0.9431752095404723,0.003617192336538084,0.9251254043234455,0.9572757931424818,0.45741872259469574,0.5956845912886998,0.9288444001228796,0.9562899939398405,0.0023252103013854993,0.007409649989714718,10000,/hpf/projects/lsung/phi/projects/lguo/femr-on-mimic/data/evaluate/adapter_models_subsample/clmbr_mimic_0.2/thrombocytopenia_lab_sql/results.pkl
clmbr_mimic,0.05,mortality_sql,0.913998744507219,0.3823531609984527,0.9051661851385934,0.003076165582797461,0.8980212545240666,0.9283632446416549,0.3215783910727504,0.4436543331421413,0.8889408575758382,0.9198927990082837,0.0022606939304830225,0.008077171254357259,10000,/hpf/projects/lsung/phi/projects/lguo/femr-on-mimic/data/evaluate/adapter_models_subsample/clmbr_mimic_0.05/mortality_sql/results.pkl
clmbr_mimic,0.05,long_los_sql,0.803142107700408,0.5570805191164755,0.7597325383327875,0.013378791490236741,0.7925418769392898,0.8138013005100745,0.5336270438416659,0.5820512565230219,0.7457302612738882,0.7741130940316668,0.011139943551924285,0.025966090759474755,10000,/hpf/projects/lsung/phi/projects/lguo/femr-on-mimic/data/evaluate/adapter_models_subsample/clmbr_mimic_0.05/long_los_sql/results.pkl
clmbr_mimic,0.05,readmission_sql,0.722421177526009,0.02699938489981617,0.7425261549307061,0.002267964510272383,0.6301416513314159,0.8065753854091415,0.014364655467943882,0.05218528057516888,0.665187448232916,0.8157116536801348,0.0017351362796733515,0.0045910140692236685,10000,/hpf/projects/lsung/phi/projects/lguo/femr-on-mimic/data/evaluate/adapter_models_subsample/clmbr_mimic_0.05/readmission_sql/results.pkl
clmbr_mimic,0.05,anemia_lab_sql,0.8557836249951186,0.3041999066028506,0.8325575550782067,0.007311465035377858,0.8400136691230187,0.8714200334928429,0.2674597936156169,0.34921067944804013,0.814873079870652,0.850568239229302,0.004910717663125282,0.013273015976092352,10000,/hpf/projects/lsung/phi/projects/lguo/femr-on-mimic/data/evaluate/adapter_models_subsample/clmbr_mimic_0.05/anemia_lab_sql/results.pkl
clmbr_mimic,0.05,hyperkalemia_lab_sql,0.7956133963191865,0.028697680245654725,0.7677296693856283,0.0018673589214852143,0.7399448587241065,0.8465679140299149,0.017744272327642672,0.05659307468055405,0.7093999979444614,0.8248795200765475,0.0017303462166307893,0.004500962907019297,10000,/hpf/projects/lsung/phi/projects/lguo/femr-on-mimic/data/evaluate/adapter_models_subsample/clmbr_mimic_0.05/hyperkalemia_lab_sql/results.pkl
clmbr_mimic,0.05,hypoglycemia_lab_sql,0.8271735667040236,0.08721731948762262,0.7980796255319479,0.0032614116762817655,0.7974725320326098,0.855919843697134,0.058622016922971046,0.14286229297775113,0.7609093723673601,0.8343510043099397,0.002311047805033398,0.006730564543340614,10000,/hpf/projects/lsung/phi/projects/lguo/femr-on-mimic/data/evaluate/adapter_models_subsample/clmbr_mimic_0.05/hypoglycemia_lab_sql/results.pkl
clmbr_mimic,0.05,hyponatremia_lab_sql,0.8117758929125682,0.04934335509574134,0.7997880491996451,0.0024787282496776045,0.7631778401130063,0.8593525475572817,0.02787239804335396,0.09763154885837542,0.7444538593858653,0.852236256119494,0.002017851783016097,0.0051051785091875135,10000,/hpf/projects/lsung/phi/projects/lguo/femr-on-mimic/data/evaluate/adapter_models_subsample/clmbr_mimic_0.05/hyponatremia_lab_sql/results.pkl
clmbr_mimic,0.05,thrombocytopenia_lab_sql,0.9327393486273753,0.47992044063187816,0.9331661743345026,0.0023916539875117,0.9148510368512603,0.9489982377378983,0.4090384124871005,0.5529571382305513,0.9173964046391397,0.947434697406783,0.002020274012671915,0.006715912102400221,10000,/hpf/projects/lsung/phi/projects/lguo/femr-on-mimic/data/evaluate/adapter_models_subsample/clmbr_mimic_0.05/thrombocytopenia_lab_sql/results.pkl
clmbr_stanford_cp,0.01,mortality_sql,0.917418473608599,0.4036318154803107,0.9111024938195486,0.005363879103120053,0.9009892249547283,0.9324640110322289,0.34213245599214337,0.4691925700773326,0.8948385679302374,0.9257228560200566,0.003203931343015199,0.00986497893915745,10000,/hpf/projects/lsung/phi/projects/lguo/femr-on-mimic/data/evaluate/adapter_models_subsample/clmbr_stanford_cp_0.01/mortality_sql/results.pkl
clmbr_stanford_cp,0.01,long_los_sql,0.8030723288992077,0.5487639874715609,0.7548105040773259,0.019322365257314632,0.7925253247032698,0.8137567415421324,0.5255998976464803,0.5739458630721928,0.7408383308603202,0.7696104840995667,0.01401010351294064,0.029664245287824062,10000,/hpf/projects/lsung/phi/projects/lguo/femr-on-mimic/data/evaluate/adapter_models_subsample/clmbr_stanford_cp_0.01/long_los_sql/results.pkl
clmbr_stanford_cp,0.01,readmission_sql,0.6473535327227213,0.029995433469549117,0.7070908953736872,0.0019730937337414343,0.5423947526442969,0.7476752986943727,0.013647286452992232,0.0724772683749282,0.6182027647201728,0.7893827940722656,0.0019447584618178535,0.004768703597558795,10000,/hpf/projects/lsung/phi/projects/lguo/femr-on-mimic/data/evaluate/adapter_models_subsample/clmbr_stanford_cp_0.01/readmission_sql/results.pkl
clmbr_stanford_cp,0.01,anemia_lab_sql,0.8630740848415421,0.37120347453470814,0.8537995391984559,0.006094024084525068,0.8458448944209654,0.8795548540569754,0.32673372944616347,0.4204170862830582,0.8367174879757451,0.8707373330958025,0.004630108425899916,0.01274745575230265,10000,/hpf/projects/lsung/phi/projects/lguo/femr-on-mimic/data/evaluate/adapter_models_subsample/clmbr_stanford_cp_0.01/anemia_lab_sql/results.pkl
clmbr_stanford_cp,0.01,hyperkalemia_lab_sql,0.7994224222168282,0.03609924728642362,0.7863056468783163,0.003200047213777295,0.7404891196537237,0.8541246010558642,0.021392367368907286,0.070402859852189,0.7254928959445924,0.8431129904864374,0.002320242560403372,0.005578469243547137,10000,/hpf/projects/lsung/phi/projects/lguo/femr-on-mimic/data/evaluate/adapter_models_subsample/clmbr_stanford_cp_0.01/hyperkalemia_lab_sql/results.pkl
clmbr_stanford_cp,0.01,hypoglycemia_lab_sql,0.819397290526732,0.07889958272000805,0.7916470287594649,0.0013292298682916425,0.7860501434566307,0.8508656166959299,0.054502411907194986,0.12490736203657647,0.7537055760211815,0.8282315350615599,0.0018153705449299145,0.00580937422978668,10000,/hpf/projects/lsung/phi/projects/lguo/femr-on-mimic/data/evaluate/adapter_models_subsample/clmbr_stanford_cp_0.01/hypoglycemia_lab_sql/results.pkl
clmbr_stanford_cp,0.01,hyponatremia_lab_sql,0.8244705165320737,0.08461435012308327,0.8072538798891928,0.0026500408220004887,0.7779405660835931,0.8671590921462321,0.03445567247416183,0.17026345530310388,0.7516661620261847,0.8572254094423433,0.0020478033777638427,0.005301076077339891,10000,/hpf/projects/lsung/phi/projects/lguo/femr-on-mimic/data/evaluate/adapter_models_subsample/clmbr_stanford_cp_0.01/hyponatremia_lab_sql/results.pkl
clmbr_stanford_cp,0.01,thrombocytopenia_lab_sql,0.9353074182437574,0.5537565001565222,0.9399553498940878,0.0033734913611330178,0.9166683399745993,0.952408708395516,0.48505760777136675,0.6221810801660635,0.9246922400735084,0.9539670011760238,0.0025410579922830797,0.007514571466164885,10000,/hpf/projects/lsung/phi/projects/lguo/femr-on-mimic/data/evaluate/adapter_models_subsample/clmbr_stanford_cp_0.01/thrombocytopenia_lab_sql/results.pkl
clmbr_stanford_cp,0.1,mortality_sql,0.9201670351265044,0.4009905531371946,0.9123964997720714,0.0043541021318656056,0.9042827196239336,0.9345630692638615,0.33946965724208483,0.4655744182049718,0.8966860128952985,0.9268945425791327,0.0026342486234709316,0.009041287047754958,10000,/hpf/projects/lsung/phi/projects/lguo/femr-on-mimic/data/evaluate/adapter_models_subsample/clmbr_stanford_cp_0.1/mortality_sql/results.pkl
clmbr_stanford_cp,0.1,long_los_sql,0.8073243046814327,0.5610890137234906,0.7631033815954814,0.014820363883186704,0.7967586282272724,0.8178386297928373,0.5375200170414298,0.5866874284369212,0.7495430632440376,0.7775755438473967,0.01214207279972428,0.026951164257875145,10000,/hpf/projects/lsung/phi/projects/lguo/femr-on-mimic/data/evaluate/adapter_models_subsample/clmbr_stanford_cp_0.1/long_los_sql/results.pkl
clmbr_stanford_cp,0.1,readmission_sql,0.648851123554861,0.027839795670181258,0.698820608109064,0.002813815171870847,0.5453513572665041,0.7448816360892366,0.012728303802895502,0.062455501391170815,0.61228674342584,0.7804494098396277,0.002087147828129013,0.005170530648240621,10000,/hpf/projects/lsung/phi/projects/lguo/femr-on-mimic/data/evaluate/adapter_models_subsample/clmbr_stanford_cp_0.1/readmission_sql/results.pkl
clmbr_stanford_cp,0.1,anemia_lab_sql,0.8652982500292891,0.36790629257959967,0.8543777653082789,0.006471216828038965,0.8484974796919829,0.8812780745062354,0.3236367093532487,0.41676940622913883,0.8373182028185445,0.8706978715468081,0.004506825697501305,0.012977520585694746,10000,/hpf/projects/lsung/phi/projects/lguo/femr-on-mimic/data/evaluate/adapter_models_subsample/clmbr_stanford_cp_0.1/anemia_lab_sql/results.pkl
clmbr_stanford_cp,0.1,hyperkalemia_lab_sql,0.8219093675896708,0.04089778454395626,0.805983458181228,0.0034705826381195085,0.7662718921143037,0.8736917358956833,0.024643634067253794,0.0690161366123972,0.7512682133423471,0.8595012053534107,0.0023533503556857635,0.005662001929687492,10000,/hpf/projects/lsung/phi/projects/lguo/femr-on-mimic/data/evaluate/adapter_models_subsample/clmbr_stanford_cp_0.1/hyperkalemia_lab_sql/results.pkl
clmbr_stanford_cp,0.1,hypoglycemia_lab_sql,0.8286499879139473,0.10159656521852231,0.8068297448401912,0.0034766607430006093,0.7943609170029701,0.860632236401437,0.06547694690560532,0.1568220776432799,0.7696593860333176,0.841790405206001,0.0023232652300809445,0.006912551039944245,10000,/hpf/projects/lsung/phi/projects/lguo/femr-on-mimic/data/evaluate/adapter_models_subsample/clmbr_stanford_cp_0.1/hypoglycemia_lab_sql/results.pkl
clmbr_stanford_cp,0.1,hyponatremia_lab_sql,0.8377322927071519,0.0959187388864193,0.8196846594432441,0.0023559839801584517,0.7958072974039974,0.8771152494111504,0.0392079466952686,0.19033016031794667,0.7664663548662572,0.86768970765256,0.0016532720365857673,0.004740806419684943,10000,/hpf/projects/lsung/phi/projects/lguo/femr-on-mimic/data/evaluate/adapter_models_subsample/clmbr_stanford_cp_0.1/hyponatremia_lab_sql/results.pkl
clmbr_stanford_cp,0.1,thrombocytopenia_lab_sql,0.9412952210670954,0.5769981817791798,0.9451267724841812,0.0035774938584083654,0.9237826774126646,0.9570241901757651,0.5109743094403871,0.642121785746494,0.9307360129382078,0.9582242015625188,0.0027266467057189075,0.007374463193422494,10000,/hpf/projects/lsung/phi/projects/lguo/femr-on-mimic/data/evaluate/adapter_models_subsample/clmbr_stanford_cp_0.1/thrombocytopenia_lab_sql/results.pkl
clmbr_stanford_cp,0.4,mortality_sql,0.92776450329877,0.4226430770057788,0.9198968704425896,0.005544027710645143,0.9132106505797472,0.9411169132417412,0.3606291354294871,0.48729162386390457,0.9054338140417334,0.9334185221457341,0.0031261127052305783,0.009805901273064134,10000,/hpf/projects/lsung/phi/projects/lguo/femr-on-mimic/data/evaluate/adapter_models_subsample/clmbr_stanford_cp_0.4/mortality_sql/results.pkl
clmbr_stanford_cp,0.4,long_los_sql,0.8134259850818361,0.5772405874009108,0.7735765134233803,0.01033343671256846,0.8030504891094816,0.8238040327070442,0.5535001094087334,0.6021624807001733,0.7598831063118578,0.7875767332437458,0.009579522487739014,0.023469932682531842,10000,/hpf/projects/lsung/phi/projects/lguo/femr-on-mimic/data/evaluate/adapter_models_subsample/clmbr_stanford_cp_0.4/long_los_sql/results.pkl
clmbr_stanford_cp,0.4,readmission_sql,0.6570480820708715,0.03402498491167486,0.7150514206135514,0.0028440753002137113,0.5522713246926023,0.7549409120531876,0.015662380913226946,0.0780517726685327,0.6286819426524606,0.7960105189216689,0.0018986351598089613,0.004954617392543045,10000,/hpf/projects/lsung/phi/projects/lguo/femr-on-mimic/data/evaluate/adapter_models_subsample/clmbr_stanford_cp_0.4/readmission_sql/results.pkl
clmbr_stanford_cp,0.4,anemia_lab_sql,0.8737385790509746,0.38930799485996065,0.8630032226457354,0.0053386230816884995,0.8578069759918255,0.8885325532126385,0.34381048209073944,0.43889907354040036,0.8465506707482825,0.8785912324764527,0.003991225350403412,0.01247635586121276,10000,/hpf/projects/lsung/phi/projects/lguo/femr-on-mimic/data/evaluate/adapter_models_subsample/clmbr_stanford_cp_0.4/anemia_lab_sql/results.pkl
clmbr_stanford_cp,0.4,hyperkalemia_lab_sql,0.8191615163906367,0.037956339484734265,0.7999432705200196,0.002014632516143759,0.76423022960845,0.8688020558771636,0.022423961771316774,0.06816836482631701,0.743263343654864,0.853417668329403,0.0018206907919172384,0.004658817982212969,10000,/hpf/projects/lsung/phi/projects/lguo/femr-on-mimic/data/evaluate/adapter_models_subsample/clmbr_stanford_cp_0.4/hyperkalemia_lab_sql/results.pkl
clmbr_stanford_cp,0.4,hypoglycemia_lab_sql,0.8434279341639748,0.10008654924681464,0.8214598875837812,0.002223184980491276,0.810499994121682,0.8736807461595693,0.06836865326847065,0.14860678177436948,0.7864883139559401,0.8547403087702842,0.0018174345152747445,0.005991746915715157,10000,/hpf/projects/lsung/phi/projects/lguo/femr-on-mimic/data/evaluate/adapter_models_subsample/clmbr_stanford_cp_0.4/hypoglycemia_lab_sql/results.pkl
clmbr_stanford_cp,0.4,hyponatremia_lab_sql,0.8408530425900531,0.08523333692245558,0.8252907451340635,0.002787500643143411,0.7997538414290254,0.8795994219309026,0.03685661548053082,0.16662091576441918,0.7734650627849844,0.8717784442631498,0.0019020089852831092,0.00519689343675596,10000,/hpf/projects/lsung/phi/projects/lguo/femr-on-mimic/data/evaluate/adapter_models_subsample/clmbr_stanford_cp_0.4/hyponatremia_lab_sql/results.pkl
clmbr_stanford_cp,0.4,thrombocytopenia_lab_sql,0.9477769426123377,0.5845374954703942,0.9498505707305326,0.004970766120854456,0.9323486940101051,0.9617401426915894,0.5168756323868838,0.6514540820802561,0.936579239103278,0.9620097991163187,0.0037993197683036366,0.008819631058022942,10000,/hpf/projects/lsung/phi/projects/lguo/femr-on-mimic/data/evaluate/adapter_models_subsample/clmbr_stanford_cp_0.4/thrombocytopenia_lab_sql/results.pkl
clmbr_mimic,0.4,mortality_sql,0.9251195323413453,0.455823000460001,0.9217920856692811,0.005450018704527821,0.9095607212522693,0.9393053016954646,0.3922410709666813,0.5215000429342203,0.9068906488447442,0.9353686774761534,0.0029839242271349977,0.01020768542198765,10000,/hpf/projects/lsung/phi/projects/lguo/femr-on-mimic/data/evaluate/adapter_models_subsample/clmbr_mimic_0.4/mortality_sql/results.pkl
clmbr_mimic,0.4,long_los_sql,0.8160814309547825,0.58638626172188,0.7792457869525447,0.017384078186022625,0.8058180310596778,0.8263308889579063,0.5625540523526943,0.6116013468255939,0.7657242012320897,0.7930832685057609,0.01200803595364962,0.027733295821113883,10000,/hpf/projects/lsung/phi/projects/lguo/femr-on-mimic/data/evaluate/adapter_models_subsample/clmbr_mimic_0.4/long_los_sql/results.pkl
clmbr_mimic,0.4,readmission_sql,0.7107443098783117,0.029660927449171762,0.7406730094447094,0.0018427079827721016,0.6168089300250583,0.7971577723089078,0.015128715667925684,0.05991985519105836,0.6612624946367468,0.8155754221621427,0.0016056384361226455,0.004387814176966434,10000,/hpf/projects/lsung/phi/projects/lguo/femr-on-mimic/data/evaluate/adapter_models_subsample/clmbr_mimic_0.4/readmission_sql/results.pkl
clmbr_mimic,0.4,anemia_lab_sql,0.8738503116217784,0.34630903544568825,0.8541435474164777,0.005382980938004527,0.8587582355680574,0.8882400081224874,0.3047830109205699,0.3946076882159813,0.8374165634309713,0.8706507992005262,0.0042587861462607375,0.012152615378740161,10000,/hpf/projects/lsung/phi/projects/lguo/femr-on-mimic/data/evaluate/adapter_models_subsample/clmbr_mimic_0.4/anemia_lab_sql/results.pkl
clmbr_mimic,0.4,hyperkalemia_lab_sql,0.8064678753477603,0.030554522546656,0.7770271385963379,0.0014299634332056517,0.7550972833662378,0.8542382203923042,0.01864809445561237,0.05978106495835455,0.7208476265139039,0.8328605071589867,0.0015922752626023656,0.004296902578364963,10000,/hpf/projects/lsung/phi/projects/lguo/femr-on-mimic/data/evaluate/adapter_models_subsample/clmbr_mimic_0.4/hyperkalemia_lab_sql/results.pkl
clmbr_mimic,0.4,hypoglycemia_lab_sql,0.8240655283802493,0.11098706302343507,0.8051599606063627,0.0025063807534142484,0.7899673087337998,0.8564432608042005,0.06913278114773137,0.16752724530136576,0.7664388989554864,0.8412765709074508,0.002077680422927002,0.0064457684236665196,10000,/hpf/projects/lsung/phi/projects/lguo/femr-on-mimic/data/evaluate/adapter_models_subsample/clmbr_mimic_0.4/hypoglycemia_lab_sql/results.pkl
clmbr_mimic,0.4,hyponatremia_lab_sql,0.8492136048893629,0.10428860789760701,0.8349642818282607,0.0016650761266939445,0.8055503019754265,0.8892019577628737,0.04541696142642308,0.2010111031470528,0.7855867622083864,0.8795349800364237,0.0018181115758317402,0.004502757099990512,10000,/hpf/projects/lsung/phi/projects/lguo/femr-on-mimic/data/evaluate/adapter_models_subsample/clmbr_mimic_0.4/hyponatremia_lab_sql/results.pkl
clmbr_mimic,0.4,thrombocytopenia_lab_sql,0.9409297827603903,0.5510518922238556,0.942420914545768,0.0030801737758759697,0.9250789541459692,0.9553803737368558,0.4822212874051865,0.6207122596551037,0.9282636601808487,0.9554519938978245,0.0019324476812361208,0.006919105823233303,10000,/hpf/projects/lsung/phi/projects/lguo/femr-on-mimic/data/evaluate/adapter_models_subsample/clmbr_mimic_0.4/thrombocytopenia_lab_sql/results.pkl
clmbr_stanford_cp,0.2,mortality_sql,0.922423696557816,0.4144385905966724,0.9153407685480265,0.0029634877917855827,0.9069143033501996,0.9363979037095231,0.35241362282994604,0.47969589509080374,0.9000607208418846,0.9294618089278471,0.0020766200285503213,0.007627704326065609,10000,/hpf/projects/lsung/phi/projects/lguo/femr-on-mimic/data/evaluate/adapter_models_subsample/clmbr_stanford_cp_0.2/mortality_sql/results.pkl
clmbr_stanford_cp,0.2,long_los_sql,0.8121611310328076,0.5679772647097713,0.7680584071367516,0.01091980350610132,0.8017288552645478,0.8224764633330313,0.5444644082137253,0.5932164628697769,0.7542754002931857,0.7823025592232363,0.009323707740103233,0.023458704232807732,10000,/hpf/projects/lsung/phi/projects/lguo/femr-on-mimic/data/evaluate/adapter_models_subsample/clmbr_stanford_cp_0.2/long_los_sql/results.pkl
clmbr_stanford_cp,0.2,readmission_sql,0.650746624994574,0.025756516221838704,0.7036847890754241,0.002296545405878549,0.542987922933086,0.7503992766089813,0.012601237554109457,0.05432270418766624,0.6199189079324791,0.7862401767574632,0.0018519725368779708,0.004740841309046511,10000,/hpf/projects/lsung/phi/projects/lguo/femr-on-mimic/data/evaluate/adapter_models_subsample/clmbr_stanford_cp_0.2/readmission_sql/results.pkl
clmbr_stanford_cp,0.2,anemia_lab_sql,0.8707507271656955,0.3619261909327862,0.8566992523258711,0.0054560521355515226,0.8544180153925266,0.8863101128727289,0.3188290011488235,0.41043303712674456,0.8397555499185255,0.8729176232041888,0.004283401103660999,0.012029773000885396,10000,/hpf/projects/lsung/phi/projects/lguo/femr-on-mimic/data/evaluate/adapter_models_subsample/clmbr_stanford_cp_0.2/anemia_lab_sql/results.pkl
clmbr_stanford_cp,0.2,hyperkalemia_lab_sql,0.8173596977674876,0.03838913342909718,0.8003589684777042,0.0023896363108195026,0.7612032932628849,0.8684785175653112,0.023172216687651084,0.06590721740146284,0.7440121135165927,0.8542503945831476,0.0019523279613802731,0.0049516509104029095,10000,/hpf/projects/lsung/phi/projects/lguo/femr-on-mimic/data/evaluate/adapter_models_subsample/clmbr_stanford_cp_0.2/hyperkalemia_lab_sql/results.pkl
clmbr_stanford_cp,0.2,hypoglycemia_lab_sql,0.833704155404663,0.08587974356283691,0.8094061338711814,0.0033618448759664505,0.7997365555875682,0.8653407792867834,0.060971659049531224,0.13082809027400738,0.7733593533335527,0.8438831621879163,0.0022691510291263863,0.006821319706731712,10000,/hpf/projects/lsung/phi/projects/lguo/femr-on-mimic/data/evaluate/adapter_models_subsample/clmbr_stanford_cp_0.2/hypoglycemia_lab_sql/results.pkl
clmbr_stanford_cp,0.2,hyponatremia_lab_sql,0.8314089649606943,0.08388391361807529,0.8153993083105384,0.003037279759496917,0.7874212404108667,0.8725296737446804,0.03505954205284745,0.16911584156753212,0.7609718616156613,0.8642251795817655,0.0017628665881485438,0.005304418938293486,10000,/hpf/projects/lsung/phi/projects/lguo/femr-on-mimic/data/evaluate/adapter_models_subsample/clmbr_stanford_cp_0.2/hyponatremia_lab_sql/results.pkl
clmbr_stanford_cp,0.2,thrombocytopenia_lab_sql,0.9441671814858952,0.5886222978452619,0.9474400139671916,0.005242005595156938,0.9276908815231888,0.9588194629111382,0.5238396018346179,0.6532623777042337,0.9338088274166904,0.9600757326735131,0.00367670375635195,0.008461830987603116,10000,/hpf/projects/lsung/phi/projects/lguo/femr-on-mimic/data/evaluate/adapter_models_subsample/clmbr_stanford_cp_0.2/thrombocytopenia_lab_sql/results.pkl
clmbr_mimic,0.01,mortality_sql,0.8924804418540602,0.30118216038658746,0.8789871726274199,0.0032673724044500877,0.8755247692091384,0.9086531893859255,0.2473338694212475,0.360466061786869,0.8600792108524992,0.8965090820081605,0.002290270113751796,0.008047852962031591,10000,/hpf/projects/lsung/phi/projects/lguo/femr-on-mimic/data/evaluate/adapter_models_subsample/clmbr_mimic_0.01/mortality_sql/results.pkl
clmbr_mimic,0.01,long_los_sql,0.7825291553049561,0.5244215357358424,0.7362198256040025,0.017993419281084937,0.7712265904396718,0.7934605720274148,0.5010564415549484,0.5494360788418049,0.7219983038984407,0.7508777259017061,0.014444880846879709,0.0298827008311879,10000,/hpf/projects/lsung/phi/projects/lguo/femr-on-mimic/data/evaluate/adapter_models_subsample/clmbr_mimic_0.01/long_los_sql/results.pkl
clmbr_mimic,0.01,readmission_sql,0.7322821258555078,0.02635915571118634,0.7190986200959173,0.0018896990917883663,0.6539989839554013,0.8010069170336197,0.011409841968125542,0.08089823358168091,0.6445613434689959,0.7906761180288919,0.0016395102355774116,0.0044581494916676205,10000,/hpf/projects/lsung/phi/projects/lguo/femr-on-mimic/data/evaluate/adapter_models_subsample/clmbr_mimic_0.01/readmission_sql/results.pkl
clmbr_mimic,0.01,anemia_lab_sql,0.8252846107005812,0.25138882109375044,0.7986664615108935,0.005617939227081942,0.8067301862966146,0.8430089988372241,0.2200404649514339,0.2893835453063334,0.7790856008372704,0.8183586540794651,0.004980840875653903,0.012868096817416968,10000,/hpf/projects/lsung/phi/projects/lguo/femr-on-mimic/data/evaluate/adapter_models_subsample/clmbr_mimic_0.01/anemia_lab_sql/results.pkl
clmbr_mimic,0.01,hyperkalemia_lab_sql,0.7884808086088965,0.03768873520874018,0.7779448212143847,0.003469428431400897,0.7247787530028368,0.8475064950543235,0.020383858014809218,0.08769367316179418,0.7161524042826993,0.837521574944129,0.0025979064154683902,0.005987669982809336,10000,/hpf/projects/lsung/phi/projects/lguo/femr-on-mimic/data/evaluate/adapter_models_subsample/clmbr_mimic_0.01/hyperkalemia_lab_sql/results.pkl
clmbr_mimic,0.01,hypoglycemia_lab_sql,0.8150064825191728,0.05665573916413903,0.7633536007116588,0.002963315258716389,0.7841003221372348,0.8435840047054876,0.0429497721630691,0.08362838362105436,0.7272569953247587,0.8005705491170642,0.0025634321657227142,0.007066172555193659,10000,/hpf/projects/lsung/phi/projects/lguo/femr-on-mimic/data/evaluate/adapter_models_subsample/clmbr_mimic_0.01/hypoglycemia_lab_sql/results.pkl
clmbr_mimic,0.01,hyponatremia_lab_sql,0.7739262193779944,0.029006534278941037,0.7443415322575606,0.0020036184581458862,0.7194035812815445,0.8249643698297972,0.01759113263050671,0.055314935030616526,0.6863194733272274,0.8026322854100105,0.0016557285198778543,0.004716124974887602,10000,/hpf/projects/lsung/phi/projects/lguo/femr-on-mimic/data/evaluate/adapter_models_subsample/clmbr_mimic_0.01/hyponatremia_lab_sql/results.pkl
clmbr_mimic,0.01,thrombocytopenia_lab_sql,0.9080857264413464,0.41707250816602026,0.9108985538964753,0.002826980907679802,0.8868584632457723,0.9280392623357853,0.3480909045269747,0.49166249609096085,0.8926145000047847,0.9285049196598483,0.0026384698847343405,0.007635649866919465,10000,/hpf/projects/lsung/phi/projects/lguo/femr-on-mimic/data/evaluate/adapter_models_subsample/clmbr_mimic_0.01/thrombocytopenia_lab_sql/results.pkl
clmbr_mimic,0.8,mortality_sql,0.9237368774951678,0.4725130673740128,0.9220236850639796,0.003130076032240319,0.9071474433248317,0.938669065041835,0.4079312275221188,0.5366048154343271,0.9069801941357346,0.9358401178468416,0.002133424067032986,0.007487556826438711,10000,/hpf/projects/lsung/phi/projects/lguo/femr-on-mimic/data/evaluate/adapter_models_subsample/clmbr_mimic_0.8/mortality_sql/results.pkl
clmbr_mimic,0.8,long_los_sql,0.824552475470939,0.6027790014702191,0.7902122486037687,0.008529278899415084,0.814628495020195,0.8346730269360821,0.5792404517239274,0.627664256788757,0.7772166932416672,0.8036452779810118,0.00854647071482003,0.021680507214200017,10000,/hpf/projects/lsung/phi/projects/lguo/femr-on-mimic/data/evaluate/adapter_models_subsample/clmbr_mimic_0.8/long_los_sql/results.pkl
clmbr_mimic,0.8,readmission_sql,0.6386935509542621,0.029034997601360326,0.6999612278853002,0.0025978869662132147,0.534746278868951,0.7365477128503998,0.014064971914897535,0.06345264678292575,0.6119782246587394,0.7828434281929886,0.0021984845723181648,0.0049726553599423046,10000,/hpf/projects/lsung/phi/projects/lguo/femr-on-mimic/data/evaluate/adapter_models_subsample/clmbr_mimic_0.8/readmission_sql/results.pkl
clmbr_mimic,0.8,anemia_lab_sql,0.8806739535105723,0.3778571858243265,0.8646014110798725,0.004336872280316179,0.865807707713987,0.8949720143221258,0.33333288653304527,0.4260770132690493,0.8484198690678006,0.8799432687099058,0.0036646645049703357,0.01106514487418002,10000,/hpf/projects/lsung/phi/projects/lguo/femr-on-mimic/data/evaluate/adapter_models_subsample/clmbr_mimic_0.8/anemia_lab_sql/results.pkl
clmbr_mimic,0.8,hyperkalemia_lab_sql,0.8125299525116543,0.036029286633109114,0.7887415525048915,0.0015956062021977287,0.7601126179749353,0.8597113485386525,0.02063949821975838,0.06937824324339721,0.7316995839163977,0.8425898790551684,0.0016911932569673195,0.0043532743310252895,10000,/hpf/projects/lsung/phi/projects/lguo/femr-on-mimic/data/evaluate/adapter_models_subsample/clmbr_mimic_0.8/hyperkalemia_lab_sql/results.pkl
clmbr_mimic,0.8,hypoglycemia_lab_sql,0.8352149119915617,0.08979974300965439,0.8128726530684209,0.0027873179043067914,0.8023604833219877,0.865564391052528,0.06351590685910938,0.13736964933617477,0.7759271741904861,0.8473489838296471,0.0020828623006715692,0.006496065304369959,10000,/hpf/projects/lsung/phi/projects/lguo/femr-on-mimic/data/evaluate/adapter_models_subsample/clmbr_mimic_0.8/hypoglycemia_lab_sql/results.pkl
clmbr_mimic,0.8,hyponatremia_lab_sql,0.867258085450985,0.10478397214523462,0.8518781102564202,0.0013863268349007534,0.8297908208711353,0.9025582798379017,0.04820110421501055,0.19788458105483786,0.8058226538638403,0.8927065223451556,0.0013814869796425478,0.004181389645145182,10000,/hpf/projects/lsung/phi/projects/lguo/femr-on-mimic/data/evaluate/adapter_models_subsample/clmbr_mimic_0.8/hyponatremia_lab_sql/results.pkl
clmbr_mimic,0.8,thrombocytopenia_lab_sql,0.9485693667300349,0.5747380664878017,0.9493461337035201,0.0019522056931758486,0.933591021772163,0.9618983701626566,0.5071951344911947,0.642330070493185,0.9364531125970184,0.9610971563842763,0.001584822053683857,0.005857431087840391,10000,/hpf/projects/lsung/phi/projects/lguo/femr-on-mimic/data/evaluate/adapter_models_subsample/clmbr_mimic_0.8/thrombocytopenia_lab_sql/results.pkl
clmbr_mimic,0.1,mortality_sql,0.9208276575631034,0.41866737156179756,0.9144330401184397,0.003681409238758763,0.9058106906092446,0.9348408040671311,0.35645786239916655,0.48318470846851747,0.8991366999220196,0.9284949240432289,0.0024775244977399465,0.008691475864833117,10000,/hpf/projects/lsung/phi/projects/lguo/femr-on-mimic/data/evaluate/adapter_models_subsample/clmbr_mimic_0.1/mortality_sql/results.pkl
clmbr_mimic,0.1,long_los_sql,0.8068042487133966,0.566330660954724,0.766064044482071,0.012496914277656567,0.7965065849006464,0.8171387275422667,0.5429033056930442,0.5912962524650939,0.7525127524926087,0.7802905329373243,0.01097331676907502,0.025601305999514993,10000,/hpf/projects/lsung/phi/projects/lguo/femr-on-mimic/data/evaluate/adapter_models_subsample/clmbr_mimic_0.1/long_los_sql/results.pkl
clmbr_mimic,0.1,readmission_sql,0.7017479127779948,0.03638106238672121,0.7430338343985264,0.0019062549348559672,0.598330074080959,0.7921104061158146,0.01639574731819829,0.09298245634266718,0.6585203443547453,0.8187208389079313,0.001826655241045582,0.004572556627456033,10000,/hpf/projects/lsung/phi/projects/lguo/femr-on-mimic/data/evaluate/adapter_models_subsample/clmbr_mimic_0.1/readmission_sql/results.pkl
clmbr_mimic,0.1,anemia_lab_sql,0.8617625831123994,0.3126435935604153,0.8376952432111425,0.0056830528538263,0.8462361224373287,0.8767375772609326,0.2744780223945858,0.3586125340971928,0.8199291636222679,0.8552300804292731,0.004331180080389531,0.012351120829312626,10000,/hpf/projects/lsung/phi/projects/lguo/femr-on-mimic/data/evaluate/adapter_models_subsample/clmbr_mimic_0.1/anemia_lab_sql/results.pkl
clmbr_mimic,0.1,hyperkalemia_lab_sql,0.7820577453305202,0.034790525870872446,0.7670261890108439,0.002772683389492922,0.7229148650257811,0.8366945666733933,0.01880626584188523,0.08159390115422853,0.7022109314842806,0.8264965109519449,0.002070391651638346,0.005094425973830887,10000,/hpf/projects/lsung/phi/projects/lguo/femr-on-mimic/data/evaluate/adapter_models_subsample/clmbr_mimic_0.1/hyperkalemia_lab_sql/results.pkl
clmbr_mimic,0.1,hypoglycemia_lab_sql,0.8325092842859341,0.08987325933976172,0.8070697039408241,0.00304024429456148,0.8025115615814118,0.8614107678070935,0.06222976450288451,0.14272266086202584,0.7706595484039024,0.8422822936229062,0.002376200551304161,0.00692870621716468,10000,/hpf/projects/lsung/phi/projects/lguo/femr-on-mimic/data/evaluate/adapter_models_subsample/clmbr_mimic_0.1/hypoglycemia_lab_sql/results.pkl
clmbr_mimic,0.1,hyponatremia_lab_sql,0.8450149829854234,0.07166325676452473,0.8309666902011198,0.0026014614128522695,0.7989142008385772,0.8881459621161466,0.0341715549294776,0.1357627872559037,0.7811334879861059,0.8770809161119089,0.0019101493042720623,0.005075972846652016,10000,/hpf/projects/lsung/phi/projects/lguo/femr-on-mimic/data/evaluate/adapter_models_subsample/clmbr_mimic_0.1/hyponatremia_lab_sql/results.pkl
clmbr_mimic,0.1,thrombocytopenia_lab_sql,0.9313868422206647,0.5075457815526278,0.9345093976922257,0.003708161677365848,0.9123647797673887,0.9486864203625756,0.4388012126787842,0.5769376873416785,0.9187525938411705,0.9493367233803766,0.002517144128108991,0.007511991284913204,10000,/hpf/projects/lsung/phi/projects/lguo/femr-on-mimic/data/evaluate/adapter_models_subsample/clmbr_mimic_0.1/thrombocytopenia_lab_sql/results.pkl
clmbr_stanford_cp,0.05,mortality_sql,0.917665354106032,0.3835929138021261,0.9085319625657045,0.004557696827123259,0.9016146539184093,0.9319687719814955,0.3227810853427972,0.4472916582594029,0.8924474312857364,0.9232225803726092,0.002875185938685466,0.009208004865761068,10000,/hpf/projects/lsung/phi/projects/lguo/femr-on-mimic/data/evaluate/adapter_models_subsample/clmbr_stanford_cp_0.05/mortality_sql/results.pkl
clmbr_stanford_cp,0.05,long_los_sql,0.8057511098907373,0.552450572766816,0.7575140826131819,0.019039760129152282,0.7951835205439409,0.816333097283855,0.5291398753840427,0.5780587626699929,0.7435429877037879,0.7722999047120749,0.013257958562924749,0.029191137311366522,10000,/hpf/projects/lsung/phi/projects/lguo/femr-on-mimic/data/evaluate/adapter_models_subsample/clmbr_stanford_cp_0.05/long_los_sql/results.pkl
clmbr_stanford_cp,0.05,readmission_sql,0.6411208056604593,0.025928336104675844,0.6982212239012906,0.0019824137900617037,0.5332138747244426,0.7423896731014877,0.012308923506822498,0.057697710169993505,0.6101286416497653,0.7812271539059138,0.0018083569940295235,0.004565227273889341,10000,/hpf/projects/lsung/phi/projects/lguo/femr-on-mimic/data/evaluate/adapter_models_subsample/clmbr_stanford_cp_0.05/readmission_sql/results.pkl
clmbr_stanford_cp,0.05,anemia_lab_sql,0.8613630216536999,0.3599918881252997,0.8505881507199058,0.005167726891591731,0.8442213126868187,0.8777872210074109,0.31578617520802765,0.4084082395643313,0.8333513869980864,0.8671813114510336,0.004349715829112927,0.012152934998168458,10000,/hpf/projects/lsung/phi/projects/lguo/femr-on-mimic/data/evaluate/adapter_models_subsample/clmbr_stanford_cp_0.05/anemia_lab_sql/results.pkl
clmbr_stanford_cp,0.05,hyperkalemia_lab_sql,0.823851223929645,0.03701131016039108,0.8030434365213446,0.0034314312282037545,0.7693908718820665,0.873485448571261,0.022758702342266717,0.06468854823252736,0.7478693643528868,0.8558133186335862,0.0021862297891014093,0.0055729867151392614,10000,/hpf/projects/lsung/phi/projects/lguo/femr-on-mimic/data/evaluate/adapter_models_subsample/clmbr_stanford_cp_0.05/hyperkalemia_lab_sql/results.pkl
clmbr_stanford_cp,0.05,hypoglycemia_lab_sql,0.8285401147076275,0.0929612909853634,0.8046976464493845,0.00400122841893529,0.7951881480174626,0.8601975418921406,0.06241334979627878,0.14844239569075812,0.7680245917224018,0.8400736613561136,0.002626618160455192,0.007401412301391071,10000,/hpf/projects/lsung/phi/projects/lguo/femr-on-mimic/data/evaluate/adapter_models_subsample/clmbr_stanford_cp_0.05/hypoglycemia_lab_sql/results.pkl
clmbr_stanford_cp,0.05,hyponatremia_lab_sql,0.8394591452644172,0.09256999067333489,0.8212876961158802,0.002127152799021746,0.7954414036662942,0.8789856839576442,0.03952017729085552,0.18153691549209477,0.7685786070521655,0.8688260271229075,0.0017570194613928717,0.004873696218827545,10000,/hpf/projects/lsung/phi/projects/lguo/femr-on-mimic/data/evaluate/adapter_models_subsample/clmbr_stanford_cp_0.05/hyponatremia_lab_sql/results.pkl
clmbr_stanford_cp,0.05,thrombocytopenia_lab_sql,0.9410321054862677,0.5743532775753505,0.944510513988373,0.00317977312693529,0.9239062279396861,0.9565152295946087,0.5070144527473542,0.6407183187091798,0.9300922401261323,0.9575516174604484,0.0024426499160773553,0.0070246079703134645,10000,/hpf/projects/lsung/phi/projects/lguo/femr-on-mimic/data/evaluate/adapter_models_subsample/clmbr_stanford_cp_0.05/thrombocytopenia_lab_sql/results.pkl
clmbr_mimic,0.001,mortality_sql,0.8457387681779724,0.18630294962680302,0.8198620902073698,0.004867583817849945,0.8246882804998795,0.8649948166651422,0.15087079303308923,0.2334557492064803,0.7957485195850764,0.8427280193442273,0.0033297377965370543,0.010071970591626326,10000,/hpf/projects/lsung/phi/projects/lguo/femr-on-mimic/data/evaluate/adapter_models_subsample/clmbr_mimic_0.001/mortality_sql/results.pkl
clmbr_mimic,0.001,long_los_sql,0.7464265550930821,0.4750719403357643,0.6973772962425897,0.016987681416414695,0.7342766716309025,0.7583158867025879,0.4528423936993259,0.4991975667874634,0.6826752456579173,0.7126957766542255,0.013969726943408272,0.029736748342037184,10000,/hpf/projects/lsung/phi/projects/lguo/femr-on-mimic/data/evaluate/adapter_models_subsample/clmbr_mimic_0.001/long_los_sql/results.pkl
clmbr_mimic,0.001,readmission_sql,0.6025705025249236,0.011448320030307626,0.6091740601457989,0.002433612582621451,0.5163391270736636,0.6878656420084692,0.006580267468804722,0.02444090311286716,0.5322089295990537,0.6977905330669489,0.0020066133325672138,0.005095894785741124,10000,/hpf/projects/lsung/phi/projects/lguo/femr-on-mimic/data/evaluate/adapter_models_subsample/clmbr_mimic_0.001/readmission_sql/results.pkl
clmbr_mimic,0.001,anemia_lab_sql,0.7907773260262402,0.24799240914518994,0.7786556066006444,0.00518165757359662,0.7700334953972476,0.8110366424671999,0.2135114536394767,0.28922577606538624,0.7572808763500368,0.7998714319554766,0.004864375939923605,0.013134925156682811,10000,/hpf/projects/lsung/phi/projects/lguo/femr-on-mimic/data/evaluate/adapter_models_subsample/clmbr_mimic_0.001/anemia_lab_sql/results.pkl
clmbr_mimic,0.001,hyperkalemia_lab_sql,0.7239203092032788,0.017324770960582603,0.6890213265261373,0.0014999367345208058,0.6609054426413613,0.7854244184238874,0.011449591348439224,0.029544149245508144,0.628643164550529,0.7586009583182237,0.001793662380220949,0.004521336528895777,10000,/hpf/projects/lsung/phi/projects/lguo/femr-on-mimic/data/evaluate/adapter_models_subsample/clmbr_mimic_0.001/hyperkalemia_lab_sql/results.pkl
clmbr_mimic,0.001,hypoglycemia_lab_sql,0.7655607928450568,0.04423465958445425,0.7172336539998383,0.004947816181397089,0.7294653699972377,0.7997007035350183,0.033316730161764,0.06465869431197208,0.6757773820917705,0.7596478122142096,0.0031491226270639176,0.008365277032370524,10000,/hpf/projects/lsung/phi/projects/lguo/femr-on-mimic/data/evaluate/adapter_models_subsample/clmbr_mimic_0.001/hypoglycemia_lab_sql/results.pkl
clmbr_mimic,0.001,hyponatremia_lab_sql,0.7292509635950135,0.02032757737603474,0.698164747261327,0.002245432296329051,0.670019302685933,0.787132308995214,0.013476388654910047,0.03356544229948006,0.6394776636378066,0.7632161850809283,0.0020562767500813574,0.005044475922234203,10000,/hpf/projects/lsung/phi/projects/lguo/femr-on-mimic/data/evaluate/adapter_models_subsample/clmbr_mimic_0.001/hyponatremia_lab_sql/results.pkl
clmbr_mimic,0.001,thrombocytopenia_lab_sql,0.8705425181699772,0.368497167723535,0.8804365191914585,0.003446687048528203,0.8430078006132443,0.8963483468512781,0.30183237510869837,0.4372933377405311,0.8571977210192755,0.902271360401603,0.00265934485873861,0.00786085173610483,10000,/hpf/projects/lsung/phi/projects/lguo/femr-on-mimic/data/evaluate/adapter_models_subsample/clmbr_mimic_0.001/thrombocytopenia_lab_sql/results.pkl
clmbr_stanford_cp,0.8,mortality_sql,0.928324636688675,0.4360646441593023,0.9213289516289759,0.002420135670046848,0.9135493866405306,0.9416392926692898,0.37506117359873664,0.49911506673982514,0.9069675552322048,0.9348122064013145,0.0018254230745185377,0.007437050531105598,10000,/hpf/projects/lsung/phi/projects/lguo/femr-on-mimic/data/evaluate/adapter_models_subsample/clmbr_stanford_cp_0.8/mortality_sql/results.pkl
clmbr_stanford_cp,0.8,long_los_sql,0.8212562766937899,0.5931345068417112,0.7841099301623796,0.010437950885369454,0.8111650239382596,0.831279330394998,0.5690943931929227,0.6181378631828573,0.77073359065013,0.7977293300407126,0.009973064294127927,0.023681487256188342,10000,/hpf/projects/lsung/phi/projects/lguo/femr-on-mimic/data/evaluate/adapter_models_subsample/clmbr_stanford_cp_0.8/long_los_sql/results.pkl
clmbr_stanford_cp,0.8,readmission_sql,0.6766903966083547,0.034794952546890225,0.729903137025754,0.0021435719964044845,0.5683720197691786,0.7745164633862716,0.015969941703023103,0.07697615179592324,0.6452002268805529,0.8093078790512939,0.0019000093999254905,0.004735819982614618,10000,/hpf/projects/lsung/phi/projects/lguo/femr-on-mimic/data/evaluate/adapter_models_subsample/clmbr_stanford_cp_0.8/readmission_sql/results.pkl
clmbr_stanford_cp,0.8,anemia_lab_sql,0.8760527811647089,0.394155048160308,0.8658536470307725,0.0067358886672004605,0.8600811760034578,0.8910693582969018,0.34816939254389756,0.4437993180128858,0.8494712569951554,0.8813542275599977,0.004329043735532342,0.012482496982037376,10000,/hpf/projects/lsung/phi/projects/lguo/femr-on-mimic/data/evaluate/adapter_models_subsample/clmbr_stanford_cp_0.8/anemia_lab_sql/results.pkl
clmbr_stanford_cp,0.8,hyperkalemia_lab_sql,0.8157632677956819,0.039429728654231666,0.7996904907809571,0.0020571544442244136,0.7586248708105104,0.8662260840276139,0.02279708195478571,0.07238118753946161,0.7420625188097096,0.8535522585688305,0.0019011788382634939,0.0046289522202980025,10000,/hpf/projects/lsung/phi/projects/lguo/femr-on-mimic/data/evaluate/adapter_models_subsample/clmbr_stanford_cp_0.8/hyperkalemia_lab_sql/results.pkl
clmbr_stanford_cp,0.8,hypoglycemia_lab_sql,0.8385083613510009,0.0946369290688493,0.8171521175094115,0.002784592790259772,0.8042913931291461,0.869875011061573,0.0664385297694598,0.14625680067344932,0.781256155931541,0.8508435079860871,0.0020382942584999185,0.006513394825905336,10000,/hpf/projects/lsung/phi/projects/lguo/femr-on-mimic/data/evaluate/adapter_models_subsample/clmbr_stanford_cp_0.8/hypoglycemia_lab_sql/results.pkl
clmbr_stanford_cp,0.8,hyponatremia_lab_sql,0.8443801107217228,0.0811866704178558,0.8275246988183682,0.0022009754609989517,0.8045977212333573,0.8819615950756632,0.03692408755626097,0.15718112394329622,0.7773061709074567,0.8730692303140771,0.0017170624402263039,0.00480234985899244,10000,/hpf/projects/lsung/phi/projects/lguo/femr-on-mimic/data/evaluate/adapter_models_subsample/clmbr_stanford_cp_0.8/hyponatremia_lab_sql/results.pkl
clmbr_stanford_cp,0.8,thrombocytopenia_lab_sql,0.9543817591661542,0.5788706469578413,0.9536204025654653,0.0023698986094769347,0.9415997890701377,0.9658005666131362,0.5083079057585215,0.6490858746984656,0.9417688626222116,0.9643152817575401,0.0020486532365783265,0.0064606088059042,10000,/hpf/projects/lsung/phi/projects/lguo/femr-on-mimic/data/evaluate/adapter_models_subsample/clmbr_stanford_cp_0.8/thrombocytopenia_lab_sql/results.pkl
